,ts_code,trade_date,open,high,low,close,pre_close,change,pct_chg,vol,amount
0,000001.SZ,20180830,10.27,10.35,10.08,10.12,10.27,-0.15,-1.4606,994917.73,1013877.514
1,000001.SZ,20180829,10.25,10.33,10.15,10.27,10.29,-0.02,-0.1944,901883.49,923581.546
2,000001.SZ,20180828,10.34,10.43,10.24,10.29,10.43,-0.14,-1.3423,1289777.24,1331917.86
3,000001.SZ,20180827,10.02,10.43,9.97,10.43,10.03,0.4,3.988,2218424.22,2251527.721
4,000001.SZ,20180824,9.31,10.28,9.29,10.03,9.36,0.67,7.1581,3040408.39,2995071.976
5,000001.SZ,20180823,9.3,9.42,9.23,9.36,9.29,0.07,0.7535,729074.62,680941.392
6,000001.SZ,20180822,9.24,9.34,9.13,9.29,9.23,0.06,0.6501,982433.98,909598.743
7,000001.SZ,20180821,9.02,9.26,9.01,9.23,9.0,0.23,2.5556,1264474.47,1163292.795
8,000001.SZ,20180820,8.9,9.02,8.87,9.0,8.81,0.19,2.1566,681322.06,609934.725
9,000001.SZ,20180817,8.88,8.94,8.78,8.81,8.78,0.03,0.3417,649476.56,576683.267
10,000001.SZ,20180816,8.73,8.89,8.64,8.78,8.79,-0.01,-0.1138,638272.55,559523.123
11,000001.SZ,20180815,9.02,9.02,8.75,8.79,9.0,-0.21,-2.3333,670442.85,594759.517
12,000001.SZ,20180814,9.03,9.04,8.94,9.0,9.05,-0.05,-0.5525,430240.36,386334.617
13,000001.SZ,20180813,9.12,9.16,8.9,9.05,9.23,-0.18,-1.9502,818491.12,736947.79
14,000001.SZ,20180810,9.3,9.32,9.16,9.23,9.29,-0.06,-0.6459,424168.36,391366.341
15,000001.SZ,20180809,9.04,9.35,9.02,9.29,9.05,0.24,2.6519,806783.77,746469.808
16,000001.SZ,20180808,9.16,9.16,9.04,9.05,9.17,-0.12,-1.3086,578953.16,527526.989
17,000001.SZ,20180807,8.96,9.17,8.88,9.17,8.94,0.23,2.5727,690423.19,624359.656
18,000001.SZ,20180806,8.94,9.11,8.89,8.94,8.91,0.03,0.3367,554010.08,497906.686
19,000001.SZ,20180803,8.93,9.1,8.91,8.91,8.94,-0.03,-0.3356,476546.62,428641.526
20,000001.SZ,20180802,9.13,9.15,8.88,8.94,9.15,-0.21,-2.2951,931401.28,839272.254
21,000001.SZ,20180801,9.42,9.5,9.11,9.15,9.42,-0.27,-2.8662,814081.68,759282.229
22,000001.SZ,20180731,9.37,9.49,9.25,9.42,9.39,0.03,0.3195,720150.8,674484.65
23,000001.SZ,20180730,9.32,9.49,9.26,9.39,9.25,0.14,1.5135,706385.97,661767.547
24,000001.SZ,20180727,9.3,9.36,9.18,9.25,9.25,0.0,0.0,515126.03,477527.419
25,000001.SZ,20180726,9.4,9.48,9.21,9.25,9.38,-0.13,-1.3859,833358.15,778429.753
26,000001.SZ,20180725,9.44,9.47,9.33,9.38,9.4,-0.02,-0.2128,614122.81,575752.176
27,000001.SZ,20180724,9.39,9.59,9.33,9.4,9.42,-0.02,-0.2123,1425894.16,1348746.826
28,000001.SZ,20180723,9.04,9.45,9.0,9.42,9.11,0.31,3.4029,1781688.26,1646028.021
29,000001.SZ,20180720,8.73,9.2,8.61,9.11,8.73,0.38,4.3528,1754277.4,1576843.937
30,000001.SZ,20180719,8.75,8.81,8.69,8.73,8.7,0.03,0.34,461372.39,403674.308
31,000001.SZ,20180718,8.75,8.85,8.69,8.7,8.72,-0.02,-0.23,525152.77,460697.377
32,000001.SZ,20180717,8.74,8.75,8.66,8.72,8.73,-0.01,-0.11,375356.33,326396.994
33,000001.SZ,20180716,8.85,8.9,8.69,8.73,8.88,-0.15,-1.69,689845.58,603427.713
34,000001.SZ,20180713,8.92,8.94,8.82,8.88,8.88,0.0,0.0,603378.21,535401.175
35,000001.SZ,20180712,8.6,8.97,8.58,8.88,8.64,0.24,2.78,1140492.31,1008658.828
36,000001.SZ,20180711,8.76,8.83,8.68,8.78,8.98,-0.2,-2.23,851296.7,744765.824
37,000001.SZ,20180710,9.02,9.02,8.89,8.98,9.03,-0.05,-0.55,896862.02,803038.965
38,000001.SZ,20180709,8.69,9.03,8.68,9.03,8.66,0.37,4.27,1409954.6,1255007.609
39,000001.SZ,20180706,8.61,8.78,8.45,8.66,8.6,0.06,0.7,988282.69,852071.526
40,000001.SZ,20180705,8.62,8.73,8.55,8.6,8.61,-0.01,-0.12,835768.77,722169.579
41,000001.SZ,20180704,8.63,8.75,8.61,8.61,8.67,-0.06,-0.69,711153.37,617278.559
42,000001.SZ,20180703,8.69,8.7,8.45,8.67,8.61,0.06,0.7,1274838.57,1096657.033
43,000001.SZ,20180702,9.05,9.05,8.55,8.61,9.09,-0.48,-5.28,1315520.13,1158545.868
